,gdp,suicides
0,796,31.85
1,769,32.46
2,833,33.400000000000006
3,251,18.0
4,437,32.56
5,697,32.18
6,835,40.55000000000001
7,1127,43.620000000000005
8,793,77.42999999999999
9,899,66.52
10,1127,69.81
11,1299,30.7
12,1451,50.61999999999999
13,1573,62.50999999999999
14,2021,58.599999999999994
15,2544,65.39
16,2931,0.0
17,3235,0.0
18,3863,65.85
19,4672,71.05000000000001
20,4387,0.0
21,4359,41.66
22,3850,0.0
23,4740,0.0
24,5595,0.0
25,6693,0.0
26,7407,0.0
27,7744,17.24
28,7976,0.0
29,8087,0.0
30,8453,15.0
31,9062,0.0
32,8636,0.0
33,10078,0.0
34,10378,0.0
35,11021,39.97
36,10468,19.45
37,10499,0.0
38,10878,27.82
39,11535,36.06
40,12649,0.0
41,14114,0.0
42,15775,7.98
43,16238,0.0
44,14335,0.0
45,13657,0.0
46,13287,0.0
47,14093,0.0
48,14853,15.62
49,3264,134.47
50,4072,152.90000000000003
51,4026,144.97999999999996
52,4458,146.24000000000004
53,2670,138.93
54,4859,134.89999999999998
55,6404,119.23999999999998
56,7615,126.86000000000001
57,7768,134.77
58,8328,122.05
59,8232,119.97
60,8563,118.03
61,9057,111.39999999999999
62,9126,116.92999999999998
63,8546,117.18999999999998
64,8462,131.39
65,7900,143.55999999999997
66,2840,139.42
67,3668,146.29
68,4683,131.05999999999997
69,5590,128.17999999999998
70,6475,128.22
71,7918,118.35
72,9843,118.11
73,8961,107.32
74,11273,111.24
75,13946,105.86999999999999
76,14203,119.81999999999998
77,14206,103.42000000000002
78,13400,111.35000000000002
79,14981,112.13000000000001
80,756,41.120000000000005
81,640,45.870000000000005
82,385,40.86
83,357,51.050000000000004
84,387,66.72999999999999
85,426,51.79
86,458,37.05
87,465,32.23
88,532,27.419999999999998
89,515,24.68
90,530,34.300000000000004
91,587,29.78
92,788,38.070000000000014
93,928,33.43
94,2310,43.67000000000001
95,3366,39.019999999999996
96,3829,35.150000000000006
97,3215,33.699999999999996
98,3460,40.410000000000004
99,3798,32.98
100,3773,36.57000000000001
101,3957,37.48
102,4142,37.01
103,3775,45.279999999999994
104,3788,40.559999999999995
105,17949,308.51
106,21027,115.47000000000001
107,22333,305.33
108,22317,27.28
109,21987,126.46000000000001
110,22345,12.93
111,24133,176.71999999999997
112,24870,99.58
113,25622,96.31
114,27672,92.19000000000001
115,29447,41.440000000000005
116,26361,42.230000000000004
117,25974,58.65
118,27066,93.42
119,12374,163.41
120,12288,175.79000000000002
121,12564,188.82000000000002
122,15393,179.32000000000002
123,19223,168.10999999999999
124,19665,172.35
125,20320,180.14999999999998
126,20050,170.64000000000001
127,19030,154.95
128,19469,167.75
129,21902,155.19000000000003
130,23526,175.33999999999997
131,25234,186.93000000000006
132,22897,176.41000000000003
133,22016,167.15
134,23219,157.82000000000005
135,20860,158.79000000000002
136,21474,144.67999999999998
137,25059,133.84
138,32454,133.76000000000002
139,39014,127.89
140,43171,130.25
141,52315,130.48999999999998
142,45128,130.12
143,54887,132.64000000000004
144,66770,133.22
145,72669,139.57
146,72856,138.78
147,66809,149.07000000000002
148,60656,154.18
149,9759,384.80999999999995
150,13911,401.8
151,17415,405.88
152,18663,357.64
153,18544,359.31999999999994
154,23020,353.78000000000003
155,23808,355.47
156,26450,341.74
157,25611,347.96
158,27274,343.62000000000006
159,32237,348.0899999999999
160,31660,342.65000000000003
161,28325,297.5000000000001
162,28972,289.38
163,28722,280.3
164,25922,289.77
165,25848,261.90999999999997
166,27772,276.92
167,33889,257.06
168,38711,254.03999999999996
169,40367,235.24999999999997
170,42698,218.89999999999995
171,49218,217.31
172,54294,216.44999999999996
173,50356,213.22
174,49181,207.55000000000004
175,53923,211.49
176,50979,206.63000000000002
177,53229,212.12
178,54278,209.82
179,46484,194.62
180,46976,183.22999999999996
181,1439,24.61
182,1398,32.230000000000004
183,784,34.78
184,617,31.519999999999996
185,508,12.040000000000001
186,462,14.280000000000001
187,476,17.830000000000002
188,590,18.59
189,631,10.669999999999998
190,645,8.58
191,711,14.41
192,759,60.05
193,820,19.419999999999998
194,948,27.07
195,1122,18.33
196,4172,11.830000000000002
197,11393,4.76
198,12286,13.59
199,12698,37.51
200,13073,10.6
201,13473,7.16
202,14297,9.82
203,24740,7.15
204,26269,11.09
205,29019,22.96
206,29942,40.660000000000004
207,30122,2.68
208,31432,9.969999999999999
209,30704,2.49
210,30671,5.93
211,32596,13.32
212,32957,5.640000000000001
213,33710,13.42
214,32746,12.49
215,30450,15.98
216,30239,58.31999999999999
217,29761,12.989999999999998
218,31204,11.84
219,30455,13.91
220,9980,20.119999999999997
221,9321,25.680000000000003
222,9501,24.799999999999997
223,11985,0.0
224,11325,0.0
225,11703,22.459999999999997
226,15345,32.73
227,14383,30.659999999999997
228,14572,27.680000000000003
229,15756,32.39
230,17497,54.209999999999994
231,19485,40.22
232,20826,27.179999999999996
233,22524,32.09
234,25106,27.89
235,20988,24.59
236,22572,11.89
237,26078,14.96
238,25587,8.68
239,26793,2.49
240,27503,6.5200000000000005
241,6137,61.72
242,6720,36.73
243,7333,29.46
244,7763,57.39
245,8541,73.58
246,8537,121.22999999999999
247,8469,76.93
248,8129,63.53
249,8540,90.92999999999999
250,8953,67.08000000000001
251,9378,72.28999999999999
252,12430,37.129999999999995
253,12348,8.65
254,12511,0.0
255,12887,0.0
256,13786,7.79
257,15230,2.58
258,16531,45.38
259,17528,0.0
260,17760,2.31
261,17007,28.799999999999997
262,17034,7.62
263,17708,0.0
264,17620,0.0
265,17395,0.0
266,2301,274.37
267,1899,297.64000000000004
268,1780,314.23999999999995
269,1689,365.11000000000007
270,1547,403.58
271,1444,404.01
272,1524,455.71
273,1458,446.50000000000006
274,1570,455.64
275,1269,450.36
276,1335,447.29999999999995
277,1299,419.6500000000001
278,1541,411.0
279,1892,444.86
280,4898,355.89
281,6601,352.1599999999999
282,5366,375.53999999999996
283,6371,331.98
284,6902,299.36
285,8477,273.32
286,8849,252.91
287,9356,332.0400000000001
288,12992,314.69000000000005
289,16165,327.76
290,17509,283.8
291,17659,284.84999999999997
292,22032,277.11
293,22523,264.02
294,25036,265.88
295,23875,300.47
296,25922,300.40000000000003
297,30394,285.9
298,29438,267.54
299,26609,284.73999999999995
300,27087,264.73999999999995
301,26969,230.70000000000005
302,24592,267.8
303,24494,261.22
304,26526,247.85999999999996
305,32538,248.73000000000002
306,37661,231.06000000000003
307,39124,231.75
308,41135,214.9
309,47040,208.57
310,51345,221.54000000000005
311,47630,218.35
312,47355,220.18
313,50893,226.70999999999998
314,47678,217.13
315,49489,201.55
316,50173,201.85000000000002
317,42830,196.66
318,1552,19.369999999999997
319,1920,31.41
320,2372,5.16
321,2614,29.7
322,2742,23.93
323,3278,6.49
324,3399,164.73
325,3436,143.97
326,3545,61.290000000000006
327,3487,5.77
328,3531,81.78
329,3615,83.72
330,3960,160.8
331,4013,151.7
332,4161,69.62
333,4289,59.0
334,4449,117.38
335,4547,46.1
336,4815,37.92
337,4951,78.49000000000001
338,5098,86.36000000000001
339,4841,57.760000000000005
340,4923,61.480000000000004
341,5098,153.29999999999998
342,5264,73.44999999999999
343,5272,56.400000000000006
344,5448,90.95
345,5561,135.46
346,5076,1.31
347,5079,109.5
348,1898,59.18
349,2257,57.160000000000004
350,2394,70.11999999999999
351,2628,65.36000000000001
352,3310,64.02
353,3516,67.05999999999999
354,4490,68.34000000000002
355,2924,64.91999999999999
356,3136,67.86
357,3925,71.51
358,5313,75.23999999999998
359,5771,73.33
360,5891,76.80000000000001
361,5663,75.04999999999998
362,3864,67.64999999999999
363,4156,68.23
364,3492,73.49
365,3121,69.77
366,3376,68.07000000000001
367,3984,70.21999999999998
368,5230,73.60000000000001
369,6403,69.89999999999999
370,7970,71.68
371,9555,72.21000000000001
372,9283,70.37
373,12161,72.73
374,14245,72.41000000000001
375,13283,74.45000000000002
376,13191,73.41000000000001
377,12975,73.13000000000001
378,9431,77.45
379,2044,303.12
380,2413,275.4800000000001
381,3355,308.4
382,2688,292.49000000000007
383,2617,292.19000000000005
384,2451,256.43
385,1298,268.94
386,1287,310.5999999999999
387,1354,278.36
388,1213,288.39
389,1636,277.85
390,1270,296.20000000000005
391,1411,276.35999999999996
392,1852,304.61
393,1715,250.70999999999998
394,1680,259.22
395,1854,244.62
396,2157,247.35
397,2800,207.65
398,3485,184.11999999999998
399,4003,178.05999999999997
400,4638,186.53
401,6073,173.77
402,7487,170.34
403,7186,154.42000000000002
404,7066,158.25000000000003
405,8137,133.51999999999998
406,7745,164.17
407,8057,134.16000000000003
408,8241,139.77
409,4124,133.84
410,15522,166.45999999999998
411,16062,190.10999999999996
412,18124,179.32999999999998
413,21069,175.38
414,23188,170.98000000000002
415,24041,165.01999999999995
416,24038,167.78
417,22393,163.6
418,21421,164.01999999999998
419,21219,161.91
420,21871,163.52
421,22686,162.89000000000001
422,23245,151.43000000000004
423,22268,150.12000000000003
424,23572,158.44
425,25589,139.0
426,25165,137.42999999999998
427,25570,137.73000000000002
428,29787,137.27
429,33787,131.66
430,38218,133.84
431,42566,126.42999999999999
432,46890,127.44999999999999
433,49041,127.59
434,42933,130.67
435,49974,132.67
436,54841,125.02000000000001
437,55347,127.88
438,55310,133.09
439,1658,108.91000000000003
440,1728,90.94
441,1985,89.42
442,2303,94.89999999999999
443,2599,100.44
444,2828,91.86
445,3187,98.83000000000001
446,3791,78.88
447,4006,103.17999999999999
448,4551,95.33999999999999
449,5695,108.91
450,5946,95.71000000000001
451,6368,100.13000000000001
452,6023,109.77
453,5470,111.85999999999999
454,5584,149.18000000000004
455,5020,147.58
456,4866,149.28
457,5208,153.53999999999996
458,6744,155.69
459,8256,147.43
460,10270,155.06
461,11387,150.92000000000002
462,11653,167.88
463,11062,174.3
464,13874,162.88
465,15854,160.83999999999997
466,16617,148.41000000000003
467,17140,134.52
468,15883,137.36999999999998
469,14729,147.68
470,1393,62.559999999999995
471,1366,50.11000000000001
472,1299,45.17
473,1369,50.64
474,1350,41.69
475,1346,43.43
476,1348,43.57
477,1664,49.480000000000004
478,1845,49.23
479,2646,55.95
480,2796,49.64000000000001
481,2883,53.169999999999995
482,3106,52.76999999999999
483,2814,81.67999999999999
484,2419,84.10000000000001
485,2755,89.77999999999999
486,2662,88.27
487,2613,81.38
488,2489,79.85000000000001
489,3033,84.25
490,3742,74.84
491,4095,78.41000000000001
492,5150,74.25000000000001
493,5971,74.22
494,5643,73.83
495,6836,67.24000000000001
496,7885,62.879999999999995
497,8586,66.45
498,8731,63.529999999999994
499,8591,66.62
500,6552,70.39999999999999
501,2145,69.46
502,2389,89.84
503,2433,85.56000000000002
504,2460,88.98
505,2686,84.76999999999998
506,2817,93.27000000000002
507,2651,61.72
508,3070,72.54
509,3342,98.83
510,3562,80.79
511,3672,79.17999999999999
512,3639,94.86
513,3827,80.63000000000001
514,4046,92.09
515,4115,85.06
516,4233,88.29
517,4412,76.02999999999999
518,4485,95.61999999999999
519,4583,115.88000000000001
520,4850,100.72
521,5133,78.73
522,5716,100.83000000000001
523,6661,75.35
524,7517,72.27
525,7403,77.36999999999999
526,8906,84.35
527,9978,89.83000000000001
528,10832,80.75999999999999
529,11443,89.26
530,11485,70.85
531,4978,305.53999999999996
532,5610,334.79
533,5546,313.70000000000005
534,6015,344.30000000000007
535,5459,327.28000000000003
536,5288,322.74999999999994
537,5571,287.54
538,6373,304.12
539,8202,281.68999999999994
540,9829,302.24
541,10722,269.56999999999994
542,11914,248.21999999999997
543,14204,243.45
544,16680,265.69
545,14872,254.29
546,14232,241.97
547,14890,221.10999999999999
548,13952,239.01
549,14362,210.29999999999998
550,14299,222.04
551,12351,229.68000000000004
552,12905,213.55999999999997
553,2227,369.71
554,2236,392.92999999999995
555,2820,363.31
556,2993,352.76
557,2443,316.23
558,2472,317.4
559,2497,326.97999999999996
560,2741,306.12
561,2940,272.77000000000004
562,3037,244.51000000000002
563,3205,240.42000000000002
564,3409,221.12
565,3611,216.12
566,4017,205.93999999999997
567,4951,202.55
568,5488,188.18000000000004
569,5686,190.98999999999998
570,5797,201.32999999999996
571,5997,202.13
572,6419,207.05
573,6791,203.99999999999997
574,7148,190.46
575,7459,184.63
576,8044,194.31
577,12389,1.57
578,11635,8.36
579,25227,9.17
580,26671,24.74
581,28600,27.64
582,33048,36.17
583,37267,59.07000000000001
584,33816,55.53
585,32477,58.879999999999995
586,34249,43.78
587,30752,42.9
588,29624,64.61000000000001
589,29024,57.1
590,24718,49.59
591,25098,47.15
592,4168,314.21999999999997
593,3070,292.01
594,3573,303.21
595,4186,297.64
596,4891,293.28
597,6134,264.4
598,6861,243.48000000000002
599,6314,234.13
600,6779,226.7
601,6606,236.93
602,6278,226.64000000000001
603,6863,220.92000000000002
604,8399,212.15
605,10220,234.88000000000002
606,12226,203.01999999999998
607,13961,193.39999999999998
608,15896,178.4
609,19273,170.77999999999997
610,23811,175.01000000000002
611,20748,179.70999999999995
612,20862,175.61999999999998
613,23010,186.23999999999995
614,20898,196.23000000000005
615,21073,186.07
616,20859,175.29000000000002
617,18703,170.87000000000003
618,19505,161.76
619,32034,253.22
620,37841,239.13000000000002
621,38158,229.56000000000003
622,35148,218.46
623,35710,188.68
624,35763,183.09000000000003
625,32841,181.07000000000005
626,32837,186.17000000000002
627,35435,176.51000000000002
628,43129,156.70000000000002
629,49552,161.78
630,51960,164.22999999999996
631,55354,162.08
632,62229,139.96
633,68447,143.04999999999998
634,61863,144.70000000000002
635,61711,130.02
636,65598,126.33
637,62071,143.20999999999998
638,64831,134.54999999999998
639,66114,137.73
640,55972,121.42000000000002
641,1485,0.0
642,2238,82.52
643,1943,76.54
644,1669,62.53000000000001
645,1519,75.28999999999999
646,1619,70.38
647,1732,60.47999999999999
648,1869,66.96
649,1955,75.8
650,1996,70.91000000000001
651,2335,67.67
652,2453,68.22
653,2474,76.34000000000002
654,2701,67.01999999999998
655,2626,62.07
656,1805,71.92999999999999
657,1650,57.17
658,2160,67.24
659,2472,61.42
660,2755,70.55999999999999
661,3051,84.38999999999999
662,3397,96.73
663,3759,93.07
664,4024,95.97
665,4787,95.28999999999999
666,4762,94.25
667,5206,81.49
668,5836,81.8
669,6364,84.87999999999998
670,6769,62.88000000000001
671,7116,66.02000000000001
672,6832,97.39
673,1068,184.46000000000004
674,1148,171.29999999999998
675,1266,120.61999999999999
676,1423,123.69
677,1845,159.19
678,1959,145.16000000000003
679,2065,140.00000000000003
680,2185,122.83
681,2229,127.96
682,2303,110.55
683,2373,129.71
684,2421,113.19
685,2507,128.92000000000002
686,2573,111.55999999999999
687,2733,115.73
688,2947,99.57
689,3111,127.14
690,3271,125.82000000000001
691,3184,124.12000000000002
692,3318,97.91999999999999
693,3631,115.46000000000001
694,3806,123.14000000000001
695,3885,116.06
696,3965,101.84
697,3224,543.1899999999999
698,3536,528.72
699,3806,502.05999999999995
700,4250,427.52000000000004
701,4361,486.47
702,4262,364.64000000000004
703,4711,371.68
704,5561,358.29999999999995
705,7523,338.24000000000007
706,9293,299.46
707,10870,256.43
708,13264,242.62999999999997
709,17504,265.05000000000007
710,19141,244.57
711,15609,248.67
712,15540,229.07000000000002
713,18545,229.26
714,18411,241.61
715,20221,231.92
716,21117,258.90999999999997
717,18149,205.37999999999997
718,2307,54.95
719,2548,110.53999999999999
720,3192,16.12
721,3744,90.49
722,4104,52.83
723,4206,30.77
724,4570,20.46
725,4675,47.480000000000004
726,3765,51.67
727,4862,106.97
728,5073,91.58
729,19861,347.35
730,23546,354.03999999999996
731,25582,373.36000000000007
732,30271,396.22
733,27214,377.58
734,23857,349.87
735,18826,333.0
736,21699,330.24
737,28068,324.96
738,27508,289.65
739,26296,310.34999999999997
740,27646,301.43000000000006
741,27800,283.11
742,25716,265.65
743,26383,267.19000000000005
744,28390,255.52000000000004
745,34701,243.45
746,39793,243.95000000000002
747,41202,230.52
748,43487,233.79999999999998
749,51089,223.07999999999998
750,56521,220.29
751,49878,228.49
752,48939,215.21
753,53809,203.60999999999999
754,50232,187.01000000000002
755,52572,196.83
756,52832,177.16000000000003
757,44862,161.19
758,10765,348.90000000000003
759,14940,351.77000000000004
760,17999,331.03
761,19534,312.72
762,19558,312.53000000000003
763,23968,302.7300000000001
764,23821,298.1
765,26136,301.46999999999997
766,24521,312.69
767,25697,299.95
768,29363,292.61999999999995
769,29305,271.21999999999997
770,26394,266.33
771,27190,253.65
772,27118,245.83
773,24648,257.23
774,24796,239.94
775,26714,238.63999999999996
776,32656,241.30999999999997
777,37240,232.51000000000002
778,38420,232.09
779,40097,220.63
780,45682,213.69
781,49901,216.20999999999998
782,45775,216.23999999999998
783,44747,211.17000000000002
784,48217,211.18
785,45002,198.98
786,46922,192.32999999999998
787,47318,179.56
788,1555,64.42999999999999
789,1267,53.05
790,740,60.47999999999999
791,556,37.300000000000004
792,611,40.739999999999995
793,718,59.7
794,828,60.650000000000006
795,858,49.3
796,669,68.57999999999998
797,734,46.64
798,777,35.19
799,1253,66.54
800,1552,28.359999999999996
801,1859,23.509999999999998
802,2448,36.59
803,2589,65.05999999999999
804,2775,34.33
805,3435,36.309999999999995
806,3772,34.88
807,3850,55.56999999999999
808,4757,74.49
809,4046,84.68
810,23546,259.45000000000005
811,24662,258.11000000000007
812,27888,250.04000000000002
813,26937,235.50000000000003
814,28588,230.79
815,33420,233.57999999999998
816,32147,216.42
817,28420,210.96
818,28733,200.51
819,28154,189.24000000000004
820,24922,185.55
821,24874,185.77999999999997
822,26441,183.96
823,31816,181.23999999999998
824,35772,172.22999999999996
825,36289,161.48999999999998
826,38088,152.52
827,43667,146.51999999999998
828,47702,145.52
829,43570,145.52
830,43614,152.17
831,47947,152.82
832,45142,148.30999999999997
833,48563,153.08
834,50167,153.03999999999996
835,43201,150.34
836,5156,58.169999999999995
837,6040,61.21
838,6994,63.059999999999995
839,8070,60.12
840,8310,54.53
841,10179,51.489999999999995
842,10816,54.569999999999986
843,11818,48.93000000000001
844,10957,53.1
845,11638,46.839999999999996
846,13550,49.68000000000001
847,14330,45.13
848,13968,47.66
849,14008,48.269999999999996
850,13756,45.74
851,12509,44.85999999999999
852,13043,38.81000000000001
853,14676,38.35
854,19202,40.67
855,22804,40.91999999999999
856,23414,46.53
857,25739,45.410000000000004
858,29896,33.91
859,33168,40.3
860,30785,40.970000000000006
861,27886,39.900000000000006
862,26825,48.68000000000001
863,23309,53.32
864,22994,55.11
865,22834,59.82
866,18927,56.06
867,1965,25.08
868,2707,46.800000000000004
869,3268,65.09
870,3391,24.75
871,3650,0.0
872,3713,0.0
873,3632,34.21
874,3735,60.82
875,3869,51.95
876,4087,11.96
877,5693,0.0
878,5879,0.0
879,6385,69.18
880,6428,13.37
881,7422,160.82000000000002
882,7423,9.89
883,8035,48.339999999999996
884,8733,0.0
885,8140,0.0
886,8118,0.0
887,8188,20.73
888,8382,18.009999999999998
889,8789,0.0
890,9456,0.0
891,10290,0.0
892,10838,0.0
893,1044,42.839999999999996
894,997,57.919999999999995
895,1074,47.23999999999999
896,1122,35.230000000000004
897,996,34.07
898,1194,33.519999999999996
899,1294,38.25
900,1381,31.169999999999998
901,1538,25.9
902,1696,34.13
903,1775,30.05
904,1967,26.509999999999998
905,2091,37.059999999999995
906,1926,36.5
907,1977,27.419999999999998
908,1867,30.59
909,2022,40.529999999999994
910,2079,37.34000000000001
911,2215,29.929999999999996
912,2450,32.61
913,2653,41.949999999999996
914,2914,40.269999999999996
915,3252,54.760000000000005
916,3053,57.56999999999999
917,3260,35.43
918,3661,34.69
919,3779,41.800000000000004
920,3947,40.690000000000005
921,4210,45.879999999999995
922,4472,44.85
923,632,91.92
924,581,184.88
925,607,177.06
926,514,232.84
927,561,182.15
928,671,116.80999999999999
929,819,162.20000000000002
930,939,208.72000000000003
931,1070,128.31
932,1139,82.65
933,1092,64.86
934,1057,313.61999999999995
935,1054,380.76
936,1090,311.92999999999995
937,1116,382.53999999999996
938,1180,400.0
939,1235,333.96000000000004
940,2182,394.6
941,2602,373.74999999999994
942,2873,353.61999999999995
943,3076,301.78
944,3384,403.06999999999994
945,3815,349.53
946,4212,367.97999999999996
947,4372,356.38000000000005
948,3561,575.0
949,3970,570.2599999999999
950,4116,539.28
951,4431,535.81
952,4767,493.4200000000001
953,4792,482.74000000000007
954,4856,470.44000000000005
955,5010,436.78000000000003
956,5147,483.88
957,4966,464.56000000000006
958,5546,408.9800000000001
959,6995,382.74999999999994
960,8840,372.04
961,10806,369.46999999999997
962,11764,352.00999999999993
963,12021,312.65999999999997
964,14609,327.32
965,16540,331.67999999999995
966,13697,310.7199999999999
967,13761,321.31
968,14827,299.84999999999997
969,13525,305.96
970,14333,266.22999999999996
971,14886,244.31
972,13087,257.27
973,13448,241.33999999999997
974,13357,171.05
975,17681,215.1
976,24107,209.93999999999997
977,26249,167.98000000000002
978,24089,110.12
979,27316,180.31
980,28857,199.73
981,29311,122.88999999999999
982,25474,109.01999999999998
983,25937,125.44
984,28680,129.66
985,29740,177.35
986,30326,164.02
987,33513,141.09
988,34858,128.92
989,34372,207.99
990,30850,163.06
991,34556,131.24
992,42174,100.97
993,50528,168.81
994,60712,115.0
995,60243,106.39000000000001
996,73590,163.29
997,59489,136.09
998,43700,123.73
999,45179,184.27
1000,49861,92.95
1001,48083,145.41
1002,51749,221.24
1003,56833,197.95999999999998
1004,54909,140.65
1005,64708,138.07
1006,6638,102.16
1007,8937,104.88000000000001
1008,10515,95.42
1009,11696,113.24000000000001
1010,12188,110.55999999999999
1011,15312,125.68000000000002
1012,15328,126.52999999999999
1013,17051,137.87
1014,15872,117.15
1015,17188,142.82
1016,20689,143.84
1017,22478,145.54
1018,24259,156.15
1019,26115,162.17000000000002
1020,28344,141.22000000000003
1021,28340,142.36
1022,30536,148.97
1023,35154,135.82
1024,44473,134.76999999999998
1025,51662,129.42000000000002
1026,55213,121.10999999999999
1027,58941,126.46000000000001
1028,67032,121.77
1029,67173,129.56
1030,57390,132.63000000000002
1031,52042,120.3
1032,56655,138.58
1033,53443,137.66
1034,56628,117.41
1035,59634,119.67999999999999
1036,7325,112.03
1037,8938,130.28
1038,10558,133.60999999999999
1039,12687,124.16
1040,12405,170.32
1041,14193,122.25999999999999
1042,15267,139.34
1043,16469,130.95
1044,16102,137.22999999999996
1045,17814,149.89
1046,20159,127.42999999999999
1047,21545,110.50999999999999
1048,21921,126.57999999999998
1049,21637,100.11000000000001
1050,21319,102.58000000000001
1051,23451,108.56
1052,22623,108.23
1053,20536,93.49000000000002
1054,21133,97.17
1055,22168,98.43999999999998
1056,22901,102.91
1057,24306,80.52000000000001
1058,27712,73.67
1059,32874,87.33000000000001
1060,30812,80.32
1061,34104,99.47000000000003
1062,37528,87.41000000000001
1063,36263,83.78999999999999
1064,40477,74.21
1065,41869,71.26000000000002
1066,39793,65.91
1067,8329,133.4
1068,11762,131.05
1069,14756,125.54000000000002
1070,16282,121.80999999999999
1071,16922,116.63999999999997
1072,21472,121.98
1073,22805,115.86999999999999
1074,24297,115.47999999999999
1075,19605,121.14000000000001
1076,20235,118.92999999999998
1077,21625,118.00999999999999
1078,24172,115.45
1079,22869,117.04
1080,23342,113.84
1081,23002,99.72
1082,21027,99.22
1083,21392,95.86999999999999
1084,23227,94.60999999999999
1085,28572,94.42
1086,32704,91.33000000000001
1087,33536,82.58999999999999
1088,34578,81.61
1089,38935,81.96000000000001
1090,41935,81.68999999999998
1091,38101,81.92999999999998
1092,36869,80.77
1093,40210,86.08
1094,36497,85.45
1095,37050,84.86
1096,37035,82.13000000000001
1097,31537,78.45
1098,1032,9.04
1099,1342,0.57
1100,1587,7.780000000000001
1101,1831,4.2
1102,2087,0.0
1103,2155,1.32
1104,1889,0.9
1105,3795,1.16
1106,3838,2.8000000000000003
1107,4013,0.7
1108,3852,0.9099999999999999
1109,4119,0.74
1110,4505,26.169999999999998
1111,4738,0.0
1112,4686,21.13
1113,5100,1.16
1114,5552,27.860000000000003
1115,12401,300.47
1116,18288,323.55000000000007
1117,22137,295.28999999999996
1118,26687,284.71999999999997
1119,26389,263.42
1120,26949,246.37000000000003
1121,30688,234.51
1122,33320,240.28
1123,37832,224.09999999999997
1124,41563,228.95
1125,46043,228.13
1126,40693,228.48000000000002
1127,37080,237.37999999999997
1128,33791,306.6
1129,38164,298.90000000000003
1130,40813,278.52000000000004
1131,35843,267.16
1132,34239,265.84
1133,36926,279.40999999999997
1134,39960,266.25
1135,39412,266.88999999999993
1136,37534,262.24
1137,37408,268.75999999999993
1138,41773,265.32000000000005
1139,43415,266.69
1140,47059,255.48
1141,50919,252.41000000000003
1142,51379,233.7
1143,42781,231.16
1144,40328,218.20999999999998
1145,36510,206.04
1146,1823,334.12
1147,1664,318.65999999999997
1148,1644,323.53
1149,1527,376.49000000000007
1150,1395,414.68
1151,1359,454.67
1152,1452,452.84000000000003
1153,1540,433.7400000000001
1154,1599,440.52
1155,1225,407.72999999999996
1156,1328,426.04999999999995
1157,1608,422.49
1158,1788,405.89
1159,2232,411.71
1160,3110,413.86
1161,4096,357.80000000000007
1162,5770,374.72999999999996
1163,7423,375.63
1164,9387,366.94
1165,8024,330.07
1166,10062,320.81000000000006
1167,12969,293.76
1168,13845,271.02
1169,15552,296.67
1170,14351,257.09
1171,11784,238.01999999999998
1172,768,181.54000000000002
1173,759,81.78
1174,735,204.22
1175,845,150.4
1176,855,56.71
1177,991,77.35000000000001
1178,988,76.06
1179,939,50.45
1180,973,0.0
1181,928,0.0
1182,854,0.0
1183,14607,11.200000000000001
1184,11661,8.74
1185,13924,11.469999999999999
1186,18798,13.010000000000002
1187,17161,18.47
1188,17995,12.740000000000002
1189,20076,18.330000000000002
1190,18766,19.939999999999998
1191,14209,16.21
1192,15864,16.82
1193,19112,15.23
1194,17116,9.129999999999999
1195,17668,14.560000000000002
1196,24544,16.44
1197,29778,17.26
1198,39166,18.18
1199,46890,15.83
1200,37283,13.02
1201,43746,11.76
1202,33453,14.810000000000002
1203,35171,10.04
1204,46203,11.41
1205,49781,15.59
1206,48729,9.879999999999999
1207,43774,15.86
1208,715,247.07
1209,677,246.59000000000003
1210,603,221.42000000000002
1211,528,258.79
1212,437,254.30999999999997
1213,425,239.77
1214,459,206.54
1215,435,190.85
1216,398,184.94000000000003
1217,291,191.43999999999997
1218,313,182.63000000000002
1219,345,193.29999999999998
1220,359,173.10999999999999
1221,424,137.86
1222,484,141.32999999999998
1223,533,135.48000000000002
1224,610,145.98999999999998
1225,814,125.89
1226,1096,135.96
1227,977,113.28
1228,991,143.2
1229,1273,126.89000000000001
1230,1339,140.66000000000003
1231,1463,109.84
1232,1465,111.79
1233,1285,98.36999999999998
1234,2438,545.62
1235,2526,492.01000000000005
1236,2771,492.57
1237,3061,441.84
1238,3228,420.40999999999997
1239,3494,453.2
1240,3724,383.49
1241,4311,367.76
1242,5364,361.63
1243,6644,328.38
1244,7916,312.06
1245,10139,288.8999999999999
1246,14758,295.75
1247,17217,323.69
1248,12890,307.8
1249,11951,259.34000000000003
1250,14447,288.75
1251,14558,267.67999999999995
1252,15820,242.18999999999997
1253,16544,248.81
1254,14382,251.47000000000003
1255,2324,639.3
1256,2484,595.61
1257,3008,565.44
1258,3354,566.36
1259,3292,561.53
1260,3481,571.8
1261,3719,568.9799999999999
1262,4360,555.6199999999998
1263,5778,530.5200000000001
1264,7028,503.37
1265,8229,485.78999999999996
1266,9667,400.57
1267,12869,406.79
1268,15669,430.05
1269,12412,437.07000000000005
1270,12584,395.2399999999999
1271,15097,407.69
1272,15099,374.11999999999995
1273,16538,444.56
1274,17442,401.2700000000001
1275,15073,385.47999999999996
1276,15742,361.72
1277,13743,247.39
1278,20004,183.05
1279,24654,243.24
1280,27676,211.50000000000003
1281,29239,261.32000000000005
1282,36871,233.34
1283,39465,280.83
1284,43740,228.37000000000003
1285,44320,207.96
1286,48610,277.24
1287,56499,210.07999999999998
1288,56169,229.25000000000003
1289,50260,307.6
1290,50788,201.25000000000003
1291,55054,211.98999999999998
1292,51841,222.64
1293,51391,239.82
1294,56484,264.14
1295,69768,164.37
1296,80639,189.54000000000002
1297,85397,159.07
1298,95351,183.79000000000002
1299,112581,183.89
1300,121315,112.31
1301,109483,110.95000000000002
1302,111328,141.16
1303,122729,136.52999999999997
1304,113120,140.18
1305,120423,91.47999999999999
1306,126352,147.88
1307,107456,134.39999999999998
1308,18081,171.74
1309,2524,0.0
1310,3406,110.49
1311,3401,9.84
1312,3867,15.52
1313,4373,3.74
1314,4026,2.75
1315,6115,14.360000000000001
1316,7236,0.0
1317,7806,1.99
1318,8135,5.39
1319,3639,8.76
1320,4544,3.61
1321,5517,18.87
1322,6295,28.61
1323,6539,89.96000000000001
1324,7780,23.75
1325,8313,30.340000000000003
1326,9040,87.14
1327,8022,47.540000000000006
1328,8775,64.69
1329,9974,47.02
1330,10254,47.43
1331,10575,70.68
1332,11103,30.63
1333,11607,91.76000000000002
1334,11873,78.05000000000001
1335,11691,85.29
1336,12524,55.28
1337,14444,74.94
1338,15916,85.82
1339,16648,67.94
1340,17504,87.21000000000001
1341,20333,73.84
1342,23007,38.68
1343,21695,107.12
1344,22132,82.11
1345,23984,47.5
1346,23074,59.87
1347,25191,57.22
1348,27634,102.07999999999998
1349,25750,78.27
1350,1223,143.13000000000002
1351,1636,30.069999999999997
1352,2073,171.94
1353,2317,246.10999999999999
1354,2349,211.64000000000004
1355,2820,163.18
1356,3045,196.79
1357,3400,198.99
1358,3405,174.99
1359,3658,154.64999999999998
1360,4115,182.65
1361,4444,166.14
1362,4139,143.57000000000002
1363,4063,154.77
1364,4117,186.04
1365,4339,140.82000000000002
1366,4244,121.83999999999999
1367,4415,131.9
1368,5136,94.02
1369,5789,100.99
1370,5641,102.51
1371,6246,163.68000000000004
1372,7179,141.45
1373,8716,78.13
1374,7873,106.07000000000002
1375,8587,111.83000000000001
1376,9817,120.03999999999999
1377,9884,114.24999999999999
1378,10572,97.67
1379,11120,115.45
1380,10125,99.96999999999998
1381,10570,99.29999999999998
1382,2730,38.169999999999995
1383,1873,45.73999999999999
1384,2064,41.42999999999999
1385,2630,42.22
1386,3125,48.26
1387,3595,48.85
1388,4204,47.69
1389,4830,52.07000000000001
1390,6518,52.0
1391,6735,55.92
1392,4505,59.089999999999996
1393,4904,56.330000000000005
1394,5864,57.07000000000001
1395,6064,56.839999999999996
1396,6800,54.889999999999986
1397,7892,54.89
1398,8311,63.300000000000004
1399,8357,58.36000000000001
1400,7779,62.99999999999999
1401,8217,60.75
1402,9071,62.22
1403,9906,59.220000000000006
1404,10496,58.01000000000001
1405,10864,60.83
1406,8651,64.14
1407,9991,61.010000000000005
1408,10965,65.52
1409,10982,63.43
1410,11478,64.99000000000001
1411,11663,68.38
1412,10228,66.57
1413,4145,184.39
1414,1701,0.0
1415,2004,0.0
1416,2220,0.0
1417,2946,0.0
1418,3565,0.0
1419,3870,274.47999999999996
1420,4654,0.0
1421,6268,335.53000000000003
1422,7705,308.09
1423,7023,275.93
1424,10428,159.89
1425,14479,158.28000000000003
1426,17560,157.17000000000002
1427,18661,147.59999999999997
1428,18310,136.01000000000002
1429,22425,136.17
1430,22906,150.49
1431,25205,143.49
1432,24385,135.98
1433,25997,136.96
1434,30850,125.02
1435,30625,135.07
1436,28156,136.56999999999996
1437,29351,128.5
1438,29799,123.16000000000001
1439,27644,118.99
1440,28366,116.29999999999998
1441,30757,119.72999999999999
1442,37614,113.32999999999998
1443,42614,111.16
1444,44289,113.28
1445,47281,113.18999999999998
1446,54418,97.43999999999998
1447,60375,102.09
1448,54988,108.29999999999998
1449,53302,109.48999999999997
1450,56667,113.07999999999998
1451,52334,118.51
1452,54510,125.53000000000003
1453,55325,121.42
1454,47206,126.93
1455,48108,127.39
1456,8246,153.64000000000001
1457,10114,178.67000000000002
1458,13238,210.51999999999995
1459,14890,205.03000000000003
1460,14417,190.62
1461,14734,186.57
1462,13345,175.48
1463,12868,183.58999999999997
1464,14271,163.98
1465,16615,198.63
1466,18945,199.42000000000004
1467,20434,195.13
1468,19041,198.27999999999997
1469,16052,201.07
1470,16556,176.8
1471,14725,157.53999999999996
1472,14968,179.9
1473,18208,152.03
1474,23663,172.35000000000002
1475,27325,163.41000000000003
1476,29803,157.93
1477,28628,156.74000000000004
1478,34892,148.19000000000003
1479,33585,151.77999999999997
1480,30259,153.00000000000003
1481,36145,152.61999999999998
1482,41184,142.82000000000002
1483,42756,158.03000000000003
1484,46198,144.55
1485,1715,88.74
1486,1888,89.55
1487,2006,72.28999999999999
1488,2062,80.97
1489,2199,71.39999999999999
1490,2303,69.86999999999999
1491,20117,163.62
1492,23980,191.56
1493,25820,208.49999999999997
1494,25945,197.89000000000001
1495,30240,191.31
1496,30678,194.82
1497,32793,181.64
1498,30066,178.05
1499,31520,150.53000000000003
1500,37483,156.35
1501,40098,153.93
1502,39335,158.60999999999999
1503,37334,153.66
1504,39013,163.33
1505,41099,150.33
1506,41281,154.29
1507,46049,141.0
1508,53533,138.07999999999996
1509,61450,141.37000000000003
1510,71215,142.09
1511,79007,142.67
1512,90797,127.77
1513,103431,132.03
1514,85394,145.73999999999998
1515,93638,136.42999999999998
1516,107430,146.49
1517,108408,125.99999999999999
1518,109804,127.00999999999999
1519,103443,127.22999999999999
1520,79187,136.43
1521,18557,21.19
1522,21337,3.8
1523,22328,1.51
1524,3443,51.06
1525,3504,60.90999999999999
1526,3447,67.06
1527,2859,60.19
1528,2802,55.290000000000006
1529,3992,66.38000000000001
1530,4227,83.19
1531,4488,76.69
1532,4606,77.63
1533,4577,85.58000000000001
1534,4558,86.77000000000001
1535,4641,78.94
1536,4790,97.23999999999998
1537,5144,81.76
1538,5499,77.80999999999999
1539,5972,91.63
1540,6876,71.89999999999999
1541,7972,73.3
1542,8436,68.29
1543,8991,64.0
1544,10403,62.73
1545,11908,55.519999999999996
1546,13189,49.309999999999995
1547,14181,55.98
1548,15158,44.9
1549,964,39.42
1550,1086,26.759999999999998
1551,1158,36.599999999999994
1552,1330,35.33
1553,1600,45.010000000000005
1554,1907,27.14
1555,1981,44.46
1556,2223,40.33
1557,2341,33.46
1558,2326,35.58
1559,2057,48.55
1560,1868,44.42
1561,1782,42.779999999999994
1562,1630,56.519999999999996
1563,1315,43.45
1564,1339,51.35000000000001
1565,1598,65.44000000000001
1566,1704,62.809999999999995
1567,2038,65.57
1568,2599,62.51
1569,3438,58.32
1570,2920,67.33
1571,3619,54.559999999999995
1572,4474,67.83
1573,4319,63.3
1574,5006,75.39000000000001
1575,5254,72.15
1576,958,9.81
1577,957,21.970000000000002
1578,1312,20.24
1579,1124,22.05
1580,1262,24.88
1581,1205,32.21
1582,1109,27.08
1583,1158,28.54
1584,1169,33.410000000000004
1585,1599,36.66
1586,1915,29.169999999999998
1587,2188,33.05
1588,2073,34.89
1589,2412,36.96
1590,2662,44.90999999999999
1591,1876,172.64
1592,2416,180.27
1593,2650,194.43
1594,2683,187.85
1595,3081,185.95999999999998
1596,3937,181.7
1597,4413,178.20999999999998
1598,4640,184.15
1599,4744,191.01
1600,5249,180.65
1601,5466,183.26999999999995
1602,5983,180.14999999999998
1603,7014,187.74
1604,8417,186.04
1605,9485,182.85000000000002
1606,11816,166.46999999999997
1607,14721,177.38
1608,12141,197.1
1609,13304,190.63999999999996
1610,14686,183.86
1611,13894,192.36999999999998
1612,14552,187.58999999999997
1613,15119,178.3
1614,13228,166.99
1615,2912,164.82000000000002
1616,4145,165.52999999999997
1617,5138,171.32999999999998
1618,5995,137.74999999999997
1619,6436,130.32
1620,8356,150.21
1621,9483,165.16
1622,11445,148.29999999999998
1623,10098,125.83000000000001
1624,10566,123.82000000000001
1625,12469,128.92999999999998
1626,12887,115.77000000000001
1627,12237,102.17999999999999
1628,12892,87.06
1629,13180,89.46000000000001
1630,12152,85.88000000000001
1631,12391,115.73000000000002
1632,13614,171.82999999999998
1633,16671,166.46
1634,24003,143.55
1635,26121,141.01999999999998
1636,24254,139.70000000000002
1637,23673,148.84
1638,24337,127.86000000000001
1639,21573,139.40000000000003
1640,22641,132.73000000000002
1641,23091,153.89
1642,6582,154.60999999999999
1643,7002,178.22999999999996
1644,7533,143.75999999999996
1645,8155,161.68999999999997
1646,8576,169.53999999999996
1647,9552,181.58
1648,9974,184.81
1649,10533,135.30999999999997
1650,11146,151.25000000000003
1651,11871,147.27999999999997
1652,12636,120.87
1653,13328,139.81000000000003
1654,14037,99.25999999999999
1655,15610,131.07
1656,16560,117.31
1657,17569,108.25999999999999
1658,19649,106.89
1659,20325,91.59000000000002
1660,21264,96.99000000000001
1661,22874,108.95
1662,23944,105.10999999999997
1663,24943,95.30000000000001
1664,25625,93.08
1665,26840,107.07999999999998
1666,27661,124.89999999999999
1667,28267,103.84
1668,28876,90.55000000000001
1669,29247,87.1
1670,29510,90.58999999999999
1671,29515,77.09
1672,29728,85.58000000000001
1673,17559,0.0
1674,32510,27.299999999999997
1675,45517,15.25
1676,55899,18.799999999999997
1677,64762,87.30000000000001
1678,71460,28.61
1679,87961,13.55
1680,64911,19.900000000000002
1681,74055,12.83
1682,90490,18.85
1683,93270,13.27
1684,93066,8.23
1685,91587,18.99
1686,69937,18.84
1687,62484,16.43
1688,2731,146.64999999999995
1689,3078,143.31
1690,3834,128.23999999999998
1691,5089,114.58000000000001
1692,6217,121.4
1693,7056,120.53
1694,8145,116.18
1695,8671,127.39000000000001
1696,9479,159.48
1697,11073,165.4
1698,13217,179.28000000000003
1699,14071,216.98999999999998
1700,12978,226.79999999999998
1701,8624,302.32
1702,11074,257.52000000000004
1703,12686,248.59
1704,11922,273.54
1705,13501,361.04
1706,14971,454.12000000000006
1707,16708,469.70000000000005
1708,19460,479.03999999999996
1709,21753,420.46
1710,23982,466.5400000000001
1711,21278,452.28000000000003
1712,19036,519.5200000000001
1713,22994,518.2
1714,25157,515.05
1715,25464,443.25999999999993
1716,27060,428.56999999999994
1717,29120,385.3299999999999
1718,28410,389.14000000000004
1719,1973,157.77
1720,1822,125.92
1721,1351,133.38
1722,1183,164.17999999999998
1723,1237,162.07
1724,1406,172.78000000000003
1725,1756,156.17999999999998
1726,1738,159.98
1727,1677,161.6
1728,1967,161.29
1729,1698,158.27000000000004
1730,1758,159.19
1731,1914,149.11
1732,2231,173.6
1733,2898,159.70999999999998
1734,3698,151.18999999999997
1735,4847,146.01
1736,6018,149.08999999999997
1737,8593,136.05999999999997
1738,10454,140.4
1739,8465,144.02
1740,8190,150.04000000000002
1741,9086,138.77999999999997
1742,9015,142.03
1743,10080,137.99
1744,10526,131.02999999999997
1745,9431,133.54999999999998
1746,10020,116.32999999999998
1747,3740,398.81999999999994
1748,3789,399.17
1749,3773,396.3999999999999
1750,3333,437.48
1751,3160,522.0600000000001
1752,2853,567.6400000000001
1753,2844,547.3799999999999
1754,2813,526.2800000000001
1755,2907,508.09
1756,1948,474.73999999999995
1757,1412,510.13
1758,1879,504.4699999999999
1759,2229,504.65000000000003
1760,2527,488.54999999999995
1761,3141,468.9100000000001
1762,4312,447.60999999999996
1763,5611,420.34
1764,7313,401.31
1765,9643,386.99
1766,12359,366.8
1767,9118,352.8
1768,11307,319.21
1769,15226,299.68
1770,16413,285.51
1771,17052,273.96999999999997
1772,15319,259.21999999999997
1773,9987,236.91999999999996
1774,5339,0.0
1775,5368,0.0
1776,5868,0.0
1777,2634,59.95
1778,2875,141.42000000000002
1779,3244,182.21
1780,3505,88.91
1781,4015,26.919999999999998
1782,4194,104.09
1783,4564,98.11
1784,4568,75.28
1785,4704,45.8
1786,4947,81.71000000000001
1787,5031,61.03
1788,5053,117.53999999999999
1789,5407,119.03
1790,5590,74.94
1791,5557,197.86
1792,5195,59.08
1793,5155,187.52
1794,5599,133.26
1795,5989,66.17
1796,6292,24.82
1797,7391,17.83
1798,8122,0.0
1799,7902,82.32
1800,8557,30.31
1801,8826,53.32
1802,8764,85.03
1803,9041,114.1
1804,9372,91.56
1805,1622,32.79
1806,1771,0.0
1807,1908,0.0
1808,2553,72.06
1809,3293,85.41
1810,3450,85.06
1811,3613,30.019999999999996
1812,3874,194.42000000000002
1813,4041,65.80000000000001
1814,4087,44.11
1815,4418,160.66
1816,4723,202.93
1817,4902,50.91
1818,5286,46.459999999999994
1819,5556,72.11
1820,6142,122.07
1821,6539,102.39
1822,6966,40.28999999999999
1823,6754,11.18
1824,6809,54.83
1825,6759,46.980000000000004
1826,6918,97.29
1827,7183,0.0
1828,7203,80.78
1829,7496,28.080000000000002
1830,48255,64.35000000000001
1831,43435,47.26
1832,69301,34.01
1833,2547,307.05
1834,2570,344.73
1835,915,324.15999999999997
1836,1718,297.0
1837,2258,295.91
1838,2979,271.27
1839,3508,262.51
1840,3719,286.32000000000005
1841,4353,286.07
1842,5748,258.45
1843,7049,242.60999999999999
1844,6116,258.43
1845,5682,234.47999999999996
1846,6734,243.45
1847,5933,234.53
1848,6662,217.73
1849,6500,216.77999999999997
1850,5492,205.97
1851,2947,156.18
1852,3621,23.26
1853,4276,60.72
1854,8257,87.57000000000001
1855,9070,154.12
1856,9001,100.0
1857,10526,63.27000000000001
1858,11361,71.5
1859,12442,275.75
1860,12554,147.64000000000001
1861,11667,39.07
1862,10157,43.81
1863,11563,51.989999999999995
1864,13204,51.34
1865,13044,33.5
1866,16090,131.4
1867,16018,43.33
1868,16005,81.25
1869,8142,353.36
1870,7805,324.61
1871,8679,273.56
1872,10586,360.19
1873,12514,354.11
1874,14393,272.03
1875,17768,229.38
1876,20029,205.42
1877,22835,235.14000000000001
1878,27202,246.85
1879,31783,282.76000000000005
1880,34148,208.94
1881,34779,206.64999999999998
1882,29150,215.35999999999996
1883,28789,166.45000000000005
1884,31446,164.33999999999997
1885,28774,167.8
1886,29048,172.39000000000001
1887,30067,172.73999999999998
1888,34799,167.47999999999996
1889,38122,180.33
1890,43318,148.75
1891,53098,165.76000000000002
1892,55735,150.24999999999997
1893,54413,149.58000000000004
1894,66099,129.23
1895,76638,116.96
1896,80040,141.61999999999998
1897,83151,137.87
1898,84442,131.78
1899,81766,109.28999999999998
1900,3143,214.23000000000002
1901,3334,195.34
1902,4036,185.04
1903,5141,198.69999999999996
1904,5529,174.50000000000006
1905,5468,164.10000000000002
1906,5871,161.83999999999997
1907,5966,172.08
1908,5696,180.08
1909,6020,171.88
1910,6869,191.77
1911,9138,169.16000000000003
1912,11177,150.9
1913,12229,165.37
1914,13763,0.0
1915,16815,0.0
1916,19530,134.20000000000002
1917,17299,139.08
1918,17387,143.68
1919,18256,129.48000000000002
1920,19226,143.91
1921,19679,132.82
1922,11291,393.87000000000006
1923,11346,421.11
1924,11014,410.09999999999997
1925,11767,413.59999999999997
1926,12041,393.35999999999996
1927,10783,404.12000000000006
1928,10979,423.4
1929,12362,354.3
1930,15568,376.56000000000006
1931,18067,298.47999999999996
1932,19012,337.40999999999997
1933,20634,347.87
1934,24964,291.45
1935,28599,263.09000000000003
1936,25872,268.71000000000004
1937,24689,265.59000000000003
1938,26377,281.66
1939,23820,279.74
1940,24697,283.02
1941,25569,240.36999999999995
1942,22036,264.81
1943,3908,8.03
1944,3960,4.95
1945,3512,7.699999999999998
1946,3424,10.87
1947,3361,9.539999999999997
1948,2953,12.43
1949,2769,6.979999999999999
1950,4132,9.240000000000002
1951,5323,12.63
1952,5914,15.29
1953,6166,17.919999999999998
1954,6708,12.12
1955,6573,14.14
1956,6517,10.709999999999999
1957,8128,13.090000000000002
1958,8906,9.309999999999999
1959,8347,13.56
1960,7612,14.900000000000002
1961,7174,15.08
1962,6403,13.0
1963,5009,114.92999999999999
1964,6919,119.83
1965,8727,122.14
1966,10250,127.28000000000002
1967,11258,126.49
1968,14517,129.24
1969,15574,121.84
1970,17005,119.01
1971,14106,120.85
1972,14223,124.32
1973,16444,123.81
1974,17166,126.53
1975,15738,131.32000000000002
1976,16473,124.03999999999999
1977,16756,119.08
1978,15538,122.21000000000001
1979,16169,112.4
1980,17924,115.64000000000001
1981,22701,116.49
1982,26372,112.63
1983,28092,107.65999999999998
1984,30246,99.86999999999999
1985,34769,98.94999999999999
1986,37848,98.51999999999998
1987,34470,98.02000000000001
1988,32839,87.44
1989,34097,88.59000000000002
1990,30146,96.88
1991,30792,101.32
1992,31171,104.35000000000001
1993,27108,97.38000000000002
1994,431,558.7200000000001
1995,454,529.8000000000001
1996,834,395.71000000000004
1997,900,472.1
1998,935,451.15000000000003
1999,920,445.24
2000,953,427.2900000000001
2001,912,358.06
2002,951,339.4100000000001
2003,1077,352.75000000000006
2004,1580,328.73
2005,2706,470.84000000000003
2006,2731,211.99
2007,2951,251.69999999999996
2008,3418,209.72000000000003
2009,1560,212.11999999999998
2010,1114,214.09
2011,1235,215.45999999999998
2012,1093,137.96
2013,1782,182.52
2014,2174,84.27000000000001
2015,2314,115.69
2016,2318,101.95
2017,2142,216.70000000000002
2018,2129,127.92999999999999
2019,1798,218.09
2020,2507,214.23
2021,2916,245.99999999999997
2022,3360,202.1
2023,4009,211.17
2024,5794,298.26
2025,6397,356.14
2026,7601,416.81999999999994
2027,8238,369.71000000000004
2028,9176,425.29999999999995
2029,9184,353.31
2030,10227,454.11
2031,10451,286.79999999999995
2032,10530,357.34
2033,22813,230.91
2034,25731,231.67000000000004
2035,26978,238.33999999999997
2036,32246,222.05
2037,33623,217.53999999999996
2038,34721,200.77999999999997
2039,25880,200.97000000000003
2040,27658,195.69000000000003
2041,32072,191.72000000000003
2042,34819,178.24000000000004
2043,31821,167.19000000000003
2044,31966,175.8
2045,32328,172.64
2046,30896,162.5
2047,28429,167.49
2048,31175,162.71
2049,38997,153.41
2050,44831,157.41000000000003
2051,45563,164.61999999999995
2052,48977,160.76
2053,56531,147.38999999999996
2054,59155,155.68
2055,49070,160.40000000000003
2056,55352,146.54
2057,63380,141.77
2058,60776,148.10999999999999
2059,64133,158.20000000000002
2060,62956,149.04999999999998
2061,54629,149.29999999999998
2062,55594,138.84
2063,51774,283.07000000000005
2064,49621,279.89
2065,42923,266.77
2066,43872,273.41999999999996
2067,42859,251.98
2068,39952,266.2
2069,40582,261.69
2070,43419,273.7
2071,50639,242.66
2072,56123,242.27
2073,57790,246.18999999999997
2074,60536,241.63
2075,66807,255.81000000000003
2076,76202,237.51
2077,73529,180.12999999999994
2078,78474,160.52
2079,93053,168.22
2080,87951,165.39
2081,89634,170.26
2082,90809,162.10000000000002
2083,86068,164.66
2084,840,82.54
2085,911,71.91
2086,1045,81.82000000000001
2087,1666,95.91999999999999
2088,1891,86.46
2089,2120,83.09999999999998
2090,2784,56.27000000000001
2091,3114,93.52000000000001
2092,3324,93.05
2093,2689,86.37
2094,2005,99.56
2095,2203,109.03
2096,2169,106.1
2097,2305,103.12
2098,2531,91.16
2099,2849,86.05999999999999
2100,3094,77.99
2101,3598,69.04000000000002
2102,4461,79.14000000000001
2103,4921,78.17999999999999
2104,4736,78.56
2105,5707,80.49999999999999
2106,6153,77.59000000000002
2107,6584,80.69
2108,6917,79.56000000000002
2109,6662,76.96000000000001
2110,6552,81.15000000000002
2111,6713,77.32
2112,7317,30.17
2113,4516,123.13
2114,4449,155.54
2115,4104,228.75
2116,4040,198.16
2117,4656,186.38000000000002
2118,4817,153.53999999999996
2119,4803,194.39
2120,4066,161.52999999999997
2121,4254,159.4
2122,4637,242.92999999999998
2123,4982,196.35999999999999
2124,4937,189.39000000000001
2125,5175,196.04000000000002
2126,5803,145.32
2127,6920,198.32
2128,7458,205.33
2129,7578,159.01
2130,9465,158.25
2131,11066,188.27999999999997
2132,13258,144.14
2133,15190,133.89000000000001
2134,17827,143.58
2135,22857,178.25
2136,15652,120.24000000000001
2137,18000,150.5
2138,20557,138.69
2139,9773,21.29
2140,11525,31.689999999999998
2141,12237,23.069999999999997
2142,12671,28.400000000000002
2143,13603,35.42000000000001
2144,13170,30.83
2145,11961,28.470000000000002
2146,815,173.61
2147,1029,162.44999999999996
2148,1003,135.33000000000004
2149,1036,172.01
2150,1014,126.94000000000001
2151,984,111.85
2152,954,115.42999999999999
2153,748,116.92000000000002
2154,650,90.44000000000001
2155,608,103.64
2156,612,100.97
2157,636,136.5
2158,619,145.06
2159,721,112.13000000000001
2160,863,133.46000000000004
2161,1077,115.43000000000002
2162,1431,107.02000000000002
2163,1624,112.79999999999998
2164,1906,134.19000000000003
2165,2397,143.84
2166,2916,96.69000000000001
2167,4368,117.57999999999998
2168,4508,42.54
2169,4962,45.75
2170,6319,31.63
2171,7498,30.6
2172,8255,23.29
2173,9046,28.15
2174,7326,28.48
2175,1353,294.04
2176,1571,286.72
2177,1732,316.32000000000005
2178,1698,296.7
2179,1607,297.90999999999997
2180,1525,322.49
2181,1349,352.11
2182,1081,384.29
2183,996,396.66999999999996
2184,925,403.41999999999996
2185,1046,395.67
2186,879,390.15
2187,666,376.05999999999995
2188,663,377.19000000000005
2189,812,348.14000000000004
2190,920,344.04999999999995
2191,1097,337.06999999999994
2192,1432,307.05
2193,1917,297.18
2194,2418,282.78999999999996
2195,3229,281.12
2196,4104,274.5
2197,2691,279.25999999999993
2198,3141,263.07000000000005
2199,3788,263.99999999999994
2200,4096,268.4700000000001
2201,3299,250.5
2202,2256,244.72
2203,42196,16.05
2204,45110,16.55
2205,45285,15.989999999999998
2206,48457,11.86
2207,34960,11.73
2208,36964,22.710000000000004
2209,9231,116.45
2210,11323,112.00999999999999
2211,13996,103.81
2212,17072,114.55
2213,17349,99.19000000000001
2214,20411,103.34000000000002
2215,21201,98.80000000000001
2216,21815,98.75
2217,19553,96.85
2218,20927,94.76
2219,24389,92.34
2220,25609,88.32000000000001
2221,28091,88.78
2222,29508,90.75999999999999
2223,29832,92.44000000000001
2224,29358,87.33
2225,29179,85.14
2226,31630,82.70999999999998
2227,36289,80.14999999999999
2228,42486,82.71999999999998
2229,44372,79.16
2230,47163,78.16999999999999
2231,53576,74.91999999999999
2232,50111,80.71000000000001
2233,41074,78.0
2234,41798,77.41000000000001
2235,44491,78.28999999999999
2236,44585,79.47
2237,45594,84.91999999999999
2238,49906,83.93
2239,47240,86.74
2240,19693,184.72000000000003
2241,20588,191.65
2242,21631,191.66
2243,23103,187.71
2244,24654,182.44
2245,26004,187.8
2246,26503,183.77
2247,27760,177.77
2248,28891,179.11999999999998
2249,30375,176.03
2250,31518,173.09000000000003
2251,32928,166.45
2252,34644,161.95999999999998
2253,36164,160.50999999999996
2254,38072,150.77
2255,39218,146.57999999999998
2256,40018,148.22
2257,40845,150.01999999999998
2258,42468,145.64
2259,44867,146.90000000000003
2260,47423,146.68000000000004
2261,49666,145.13000000000002
2262,51585,149.11999999999998
2263,52128,153.24
2264,50563,154.19
2265,51989,158.89000000000001
2266,53452,162.35999999999999
2267,55170,165.14
2268,56520,166.67
2269,58531,171.33000000000004
2270,60387,175.41
2271,1729,178.60999999999999
2272,2132,172.47
2273,2651,164.43000000000004
2274,2934,164.46
2275,2992,196.46
2276,3281,180.67
2277,5180,223.01999999999998
2278,5984,214.00000000000003
2279,6555,237.94
2280,6914,187.92999999999998
2281,8012,233.91
2282,8420,264.08
2283,7903,243.62000000000003
2284,7483,274.27000000000004
2285,6827,236.12
2286,4439,331.69000000000005
2287,3929,259.25000000000006
2288,4463,258.49
2289,5655,241.30999999999997
2290,6362,248.11
2291,7581,266.31
2292,9793,234.53
2293,10166,237.75
2294,12882,257.43
2295,16264,264.34999999999997
2296,18179,249.09
2297,18012,248.64
2298,16696,270.02000000000004
2299,778,129.36
2300,788,124.17999999999999
2301,709,111.29
2302,708,111.75999999999999
2303,674,110.85
2304,681,111.3
2305,703,125.05999999999999
2306,724,110.58
2307,719,108.30000000000001
2308,801,113.33
2309,632,120.31
2310,513,115.92
2311,428,95.28
2312,441,82.06
2313,516,68.03999999999999
2314,606,67.81
2315,1332,60.86
2316,1533,63.230000000000004
2317,1767,67.14
2318,1964,77.53000000000003
2319,2150,78.85999999999999
2320,2309,85.12
